metric,value
count,395.0
mean,28658.227848101265
median,28800.0
min,22000.0
max,34000.0
range,12000.0
std,1972.8105897628345
cv,0.06883923877706004
