metric,retail,wholesale
mean,64775.94936708861,28658.227848101265
median,65000.0,28800.0
min,55000.0,22000.0
max,85000.0,34000.0
std,6519.515736052751,1972.8105897628345
