metric,value
count,395.0
mean,64775.94936708861
median,65000.0
min,55000.0
max,85000.0
range,30000.0
std,6519.515736052751
cv,0.10064716611263114
