metric,value
count,395.0
mean,11321.26582278481
median,11100.0
min,7340.0
max,18000.0
range,10660.0
std,1433.482649110562
cv,0.12661858413619984
