metric,retail,wholesale
mean,21962.567822784808,11321.26582278481
median,22000.0,11100.0
min,16000.0,7340.0
max,26000.0,18000.0
std,2343.6601476168057,1433.482649110562
