metric,value
count,395.0
mean,21962.567822784808
median,22000.0
min,16000.0
max,26000.0
range,10000.0
std,2343.6601476168057
cv,0.10671157245945545
