metric,value
count,395.0
mean,102235.85635443039
median,109400.0
min,45580.0
max,134000.0
range,88420.0
std,23734.67804329984
cv,0.2321561034419926
